latitude,longitude,depth,mag,magType,(Mw),nst,gap,dmin,rms,place,magNst,month,day,year,hour,minute,second,Exact_Date,mag2
27.4122,34.0681,10,4.2,mb,4.19306,60,153,4.092,0.74,Eil,33,4,14,2023,23,58,24.522,2023.291664,
30.1565,32.3957,10,3.8,mb,3.70934,16,252,4.856,0.43,"23 km NNW of Suez, Egypt",6,2,23,2023,22,25,39.039,2023.149818,
28.1144,33.3703,10,4.7,mb,4.79771,112,62,2.079,0.69,"28 km WSW of El-Tor, Egypt",103,12,27,2022,0,11,2.169,2022.991688,
29.3644,31.5521,10,4.3,mb,4.31399,,115,5.78,0.8,"33 km E of Al W?si?ah, Egypt",15,2,1,2022,9,1,18.721,2022.087155,
30.2013,35.0504,10,4.1,mb,4.07213,,108,0.536,1,"40 km W of A? ?ayyibah, Jordan",24,6,15,2021,23,8,52.705,2021.461012,
29.5749,34.9527,10,3.9,mb,3.83027,,148,1.802,0.74,"1 km NNE of Eilat, Egypt",8,12,15,2020,2,30,9.935,2020.958623,
32.6717,29.7745,10,4.1,mb,4.07213,,171,3.555,0.93,"153 km NNW of Rosetta, Egypt",17,11,24,2020,22,18,16.942,2020.902582,
33.0748,27.5506,10,4.2,mb,4.19306,,178,2.487,0.65,"193 km N of Mersa Matruh, Egypt",19,4,28,2020,13,1,36.79,2020.329286,
28.9129,34.5466,10,4.1,mb,4.07213,,185,0.833,0.68,18 km SW of Nuwaybiï¿½ï¿½ï¿½ï¿,11,4,5,2020,5,4,4.389,2020.264475,
32.7294,34.6646,10,4.5,mb,4.55585,,105,1.615,0.52,"26 km W of Atlit, Palestine",12,2,6,2020,4,53,51.535,2020.100567,
26.9764,34.6634,10,4.4,mb,4.43492,,82,2.695,0.91,"75 km E of Makadi Bay, Egypt",34,1,18,2020,21,46,14.437,2020.05252,
27.6261,34.5737,10,4.4,mb,4.43492,,207,2.063,0.76,"40 km SE of Sharm el-Sheikh, Egypt",19,11,19,2019,23,4,29.209,2019.888782,
32.2775,30.7557,21.06,4.4,mb,4.43492,,176,3.432,0.61,"102 km NNE of Rosetta, Egypt",13,7,5,2019,14,18,59.811,2019.515546,
32.806,32.6513,10,4.8,mb,4.91864,,49,2.222,0.83,162 km NNE of ï¿½ï¿½ï¿½ï¿½ï¿½ï¿½ï¿½ï¿,209,5,15,2019,16,53,46.251,2019.376956,
32.8172,27.3198,10,4.1,mb,4.07213,,82,2.726,0.75,"162 km N of Mersa Matruh, Egypt",34,10,8,2017,22,14,45.43,2017.774797,
30.2032,31.8314,10,4.3,mb,4.31399,,123,3.397,1.11,"35 km SE of Bilbays, Egypt",31,1,21,2017,16,54,23.05,2017.06029,
32.3232,30.9447,10,4.4,mb,4.43492,,115,3.299,0.98,"113 km N of Al ??m?l, Egypt",44,12,26,2016,5,53,31.34,2016.989571,
28.5557,34.458,14.26,4.4,mb,4.43492,,86,1.191,1.2,"8 km NNW of Dahab, Egypt",38,11,29,2016,17,1,13.29,2016.915859,
28.6516,34.6194,10,5,mb,5.1605,,56,1.055,1.1,"22 km NNE of Dahab, Egypt",124,5,16,2016,1,45,59.74,2016.377982,
30.6289,28.5213,13.94,4.5,mb,4.55585,,121,1.318,0.53,47 km WSW of Al ï¿½ï¿½ï¿½ï¿½ï¿½ï¿,50,9,3,2015,1,44,40.58,2015.675202,
28.7532,34.7315,14.17,3.7,mb,3.58841,,295,2.642,0.51,33 km SSE of Nuwaybiï¿½ï¿½ï¿½ï¿,5,7,8,2015,2,15,28.87,2015.522484,
31.9702,29.9986,14.13,3.8,mb,3.70934,,89,2.274,1.26,"74 km NNW of Rosetta, Egypt",10,3,1,2015,12,10,46.89,2015.170854,
31.8897,31.0969,10,4.3,mb,4.31399,,61,3.587,1.48,"64 km N of Al ??m?l, Egypt",35,2,27,2015,12,53,8.15,2015.159825,
29.8676,32.4144,10,4.1,mb,4.07213,,41,0.286,0.94,"15 km SW of Suez, Egypt",11,7,22,2014,3,3,43.14,2014.561466,
30.1728,32.4114,10,4.2,mb,4.19306,,144,2.261,1.16,"24 km NNW of Suez, Egypt",27,7,18,2014,20,1,28.56,2014.552318,
27.4077,34.6904,13.85,4,mb,3.9512,,209,2.265,0.8,"66 km SSE of Sharm el-Sheikh, Egypt",10,3,15,2014,11,57,48.3,2014.209718,
28.414,33.224,21.8,4.7,mb,4.79771,109,61,,0.73,"15 km ENE of Ras Gharib, Egypt",68,6,1,2013,11,49,28.45,2013.420813,
27.831,33.953,10,4.4,mb,4.43492,58,93.6,,0.93,"38 km WSW of Sharm el-Sheikh, Egypt",15,4,7,2013,15,58,1.6,2013.271292,
32.027,30.624,20,4.9,mb,5.03957,190,35.9,,0.86,"72 km NNE of Rosetta, Egypt",92,1,17,2013,21,17,36.61,2013.049687,
32.552,30.978,13.4,5.1,mb,5.28143,174,44.2,,0.96,"138 km NNE of Rosetta, Egypt",80,10,19,2012,3,35,11.55,2012.803193,
29.867,30.561,10,4.3,mb,4.31399,46,178.8,,0.82,"47 km W of Mad?nat Sittah Ukt?bar, Egypt",9,2,16,2012,2,15,11.16,2012.128039,
27.787,33.985,28.4,4.6,mb,4.67678,81,58.1,,0.9,"36 km WSW of Sharm el-Sheikh, Egypt",26,1,30,2012,17,4,28.77,2012.08531,
27.768,34.077,10,4.5,mb,4.55585,51,70.9,,1.12,"29 km WSW of Sharm el-Sheikh, Egypt",10,11,19,2011,7,12,15.67,2011.886945,
32.566,34.47,31,4.1,mb,4.07213,45,73.1,,,"40 km WNW of Sdot Yam, Palestine",14,8,7,2011,8,52,28,2011.603805,
26.802,34.994,10,4.3,mb,4.31399,33,162.2,,1.14,"92 km SW of Duba, Saudi Arabia",12,6,22,2011,23,43,15.48,2011.480523,
28.031,34.129,10,4.2,mb,4.19306,28,77.3,,1.05,"23 km WNW of Sharm el-Sheikh, Egypt",5,2,20,2011,4,52,37.89,2011.139453,
27.819,34.019,10,4.5,mb,4.55585,51,63.4,,0.84,"32 km WSW of Sharm el-Sheikh, Egypt",18,2,20,2011,1,27,4.73,2011.139057,
26.902,34.712,10,4.2,mb,4.19306,16,199.2,,1.4,"78 km ENE of Safaga, Egypt",2,10,23,2008,1,52,47.19,2008.814106,
28.72,35.07,1,4.4,mb,4.43492,15,297.4,,,53 km SE of Nuwaybiï¿½ï¿½ï¿½ï¿,1,4,4,2008,14,5,17.7,2008.262742,
28.695,33.263,35,3.9,mb,3.83027,11,192.5,,1.15,"41 km NNE of Ras Gharib, Egypt",2,12,7,2007,15,27,59.13,2007.937901,
31.86,34.94,11,4.4,mb,4.43492,13,216,,,2 km NE of Karmï¿½ï¿½ï¿½ï¿½ï¿½ï,1,11,23,2007,22,19,54,2007.899807,
26.672,34.979,10,4.6,mb,4.67678,79,135.8,,0.89,Red Sea,38,5,9,2007,18,45,19.77,2007.360504,
28.609,31.647,1.5,4.5,mb,4.55585,82,62.7,,1.19,"74 km SE of Ban? Suwayf, Egypt",33,11,8,2006,4,32,9.99,2006.856081,
27.884,34.411,2,4.5,mb,4.55585,109,74.1,,,"8 km ESE of Sharm el-Sheikh, Egypt",19,2,2,2006,9,49,49.9,2006.090027,
29.621,31.905,10,4.4,mb,4.43492,39,37.8,,1.1,"39 km W of Ain Sukhna, Egypt",9,4,16,2005,19,55,12.88,2005.29675,
33.084,32.762,24.4,4.3,mb,4.31399,40,90.8,,0.8,175 km S of Pissoï¿½ï¿½ï¿½ï¿½,7,4,15,2005,6,24,39.9,2005.292409,
26.876,34.35,10,4.5,mb,4.55585,20,79.5,,1,"43 km ENE of Safaga, Egypt",3,6,3,2004,9,32,35.62,2004.426105,
30.2,31.41,10,4.4,mb,4.43492,109,,,1.09,"4 km ESE of Al Kh?nkah, Egypt",41,8,24,2002,20,1,18.37,2002.652317,
27.431,33.943,10,3.9,mb,3.83027,22,,,0.66,"23 km NE of Hurghada, Egypt",1,8,20,2001,17,24,34.08,2001.640904,
27.371,34.096,10,3.8,mb,3.70934,22,,,0.53,"30 km ENE of Hurghada, Egypt",1,8,20,2001,16,31,50.06,2001.640802,
29.625,31.04,10,4.4,mb,4.43492,30,,,0.56,"18 km NNE of ??miyah, Egypt",15,6,12,2001,13,43,22.78,2001.451588,
28.89,32.765,10,4.4,mb,4.43492,30,,,0.96,"66 km NNW of Ras Gharib, Egypt",11,11,3,2000,21,19,0.37,2000.844134,
28.819,34.633,10,4.2,mb,4.19306,,,,1.08,25 km S of Nuwaybiï¿½ï¿½ï¿½ï¿,6,4,6,2000,6,37,34.35,2000.267434,
28.834,34.731,10,4.9,mb,5.03957,,,,1.49,24 km SSE of Nuwaybiï¿½ï¿½ï¿½ï¿,5,3,8,2000,14,22,26.38,2000.190553,
30.296,31.377,10,3.9,mb,3.83027,,,,0.9,"5 km ESE of Shib?n al Qan??ir, Egypt",2,12,28,1999,12,5,6.65,1999.995843,
30.414,35.136,10,4.3,mb,4.31399,,,,0.91,34 km WNW of W?d? M?sï¿½ï¿½ï¿½ï,6,10,28,1999,15,39,13.45,1999.82959,
28.604,31.567,10,4.5,mb,4.55585,,,,0.96,"69 km SE of Ban? Suwayf, Egypt",21,10,11,1999,20,39,31.12,1999.782947,
27.996,34.487,10,4.3,mb,4.31399,,,,0.85,"17 km ENE of Sharm el-Sheikh, Egypt",3,6,17,1999,14,23,1.84,1999.465554,
28.157,34.907,10,4.2,mb,4.19306,,,,0.84,"54 km SE of Dahab, Egypt",6,6,13,1999,4,20,9.02,1999.45328,
28.213,34.82,10,4.7,mb,4.79771,,,,1.19,"43 km SE of Dahab, Egypt",31,5,10,1997,23,1,46.92,1997.363777,
27.535,34.192,10,4.8,mb,4.91864,,,,0.74,"44 km SSW of Sharm el-Sheikh, Egypt",7,3,8,1997,15,21,2.31,1997.190666,
27.552,33.145,10,4.4,mb,4.43492,,,,1.07,"55 km WNW of El Gouna, Egypt",8,12,20,1996,7,21,14.51,1996.973073,
27.56,34.007,10,3.8,mb,3.70934,,,,0.77,"37 km ENE of El Gouna, Egypt",2,12,17,1996,11,31,30.78,1996.965223,
30.432,32.193,10,4.6,mb,4.67678,,,,0.82,"20 km SSW of Ismailia, Egypt",2,11,26,1996,9,29,32.66,1996.906654,
32.019,30.972,10,4.3,mb,4.31399,,,,1.19,"80 km NNW of Al ??m?l, Egypt",15,10,12,1996,23,38,58.06,1996.786071,
29.038,34.999,10,4.2,mb,4.19306,,,,1.36,32 km E of Nuwaybiï¿½ï¿½ï¿½ï¿,7,9,15,1996,2,21,10.43,1996.708606,
28.645,34.634,10,3.7,mb,3.58841,,,,1,"22 km NE of Dahab, Egypt",8,6,1,1996,16,6,56.83,1996.42131,
28.941,34.674,16.4,3.9,mb,3.83027,,,,1,11 km S of Nuwaybiï¿½ï¿½ï¿½ï¿,8,4,16,1996,0,12,2.27,1996.294468,
28.732,34.822,23,5,mb,5.1605,,,,1.5,38 km SSE of Nuwaybiï¿½ï¿½ï¿½ï¿,71,2,26,1996,7,17,28.31,1996.156399,
28.869,34.479,10,4,mb,3.9512,,,,1,26 km SW of Nuwaybiï¿½ï¿½ï¿½ï¿,3,2,26,1996,7,17,7.98,1996.156399,
29.139,34.651,10,3.8,mb,3.70934,,,,1.1,10 km N of Nuwaybiï¿½ï¿½ï¿½ï¿,4,2,4,1996,7,23,22.98,1996.0953,
28.892,34.923,10,4.4,mb,4.43492,,,,1.3,30 km SE of Nuwaybiï¿½ï¿½ï¿½ï¿,1,2,2,1996,13,15,18.43,1996.090423,
29.254,34.728,10,4,mb,3.9512,,,,0.8,23 km NNE of Nuwaybiï¿½ï¿½ï¿½ï¿,3,1,8,1996,13,18,25.08,1996.023762,
28.886,34.945,10,3.9,mb,3.83027,,,,1.4,32 km ESE of Nuwaybiï¿½ï¿½ï¿½ï¿,5,1,6,1996,7,36,9.48,1996.017547,
28.685,34.678,10,3.6,mb,3.46748,,,,0.3,"28 km NE of Dahab, Egypt",1,1,4,1996,17,34,48.22,1996.013146,
28.717,34.745,10,4,mb,3.9512,,,,0.9,"35 km NE of Dahab, Egypt",4,1,4,1996,17,22,39.56,1996.013122,
28.712,34.944,10,4.9,mb,5.03957,,,,1.3,46 km SE of Nuwaybiï¿½ï¿½ï¿½ï¿,37,1,3,1996,10,5,28.6,1996.009501,
28.711,34.297,10,3.9,mb,3.83027,,,,1.2,"31 km NW of Dahab, Egypt",7,1,2,1996,19,14,40.76,1996.007783,
28.851,34.572,10,4,mb,3.9512,,,,1.3,23 km SSW of Nuwaybiï¿½ï¿½ï¿½ï¿,9,12,19,1995,12,32,48.92,1995.970897,
28.851,34.635,10,4.2,mb,4.19306,,,,1,21 km S of Nuwaybiï¿½ï¿½ï¿½ï¿,14,12,14,1995,3,53,56.55,1995.956007,
28.878,34.69,10,5,mb,5.1605,,,,1.2,18 km S of Nuwaybiï¿½ï¿½ï¿½ï¿,62,12,11,1995,1,32,6.52,1995.9474,
28.813,34.778,10,4.3,mb,4.31399,,,,1.1,28 km SSE of Nuwaybiï¿½ï¿½ï¿½ï¿,2,12,10,1995,15,32,20.53,1995.946243,
28.919,34.651,10,4.4,mb,4.43492,,,,1.3,14 km S of Nuwaybiï¿½ï¿½ï¿½ï¿,17,12,8,1995,4,12,38.94,1995.939376,
28.862,34.679,10,4,mb,3.9512,,,,1.3,20 km S of Nuwaybiï¿½ï¿½ï¿½ï¿,10,12,6,1995,17,57,54.73,1995.935413,
28.801,35.162,10,4.4,mb,4.43492,,,,0.6,55 km ESE of Nuwaybiï¿½ï¿½ï¿½ï¿,1,12,2,1995,7,55,39.55,1995.92314,
29.308,34.657,10,4.4,mb,4.43492,,,,1.1,28 km N of Nuwaybiï¿½ï¿½ï¿½ï¿,33,12,2,1995,0,47,22.27,1995.922314,
29.125,35.046,10,3.9,mb,3.83027,,,,0.8,"32 km SSE of Tala Bay, Jordan",6,12,1,1995,21,18,30.92,1995.921911,
29.233,34.694,10,4.4,mb,4.43492,,,,1,20 km N of Nuwaybiï¿½ï¿½ï¿½ï¿,25,12,1,1995,20,4,59.74,1995.921769,
28.7,34.523,10,4.4,mb,4.43492,,,,1.2,"24 km N of Dahab, Egypt",14,12,1,1995,9,17,56.88,1995.920521,
29.09,35.026,10,3.6,mb,3.46748,,,,1,"35 km S of Tala Bay, Jordan",1,11,26,1995,2,17,47.98,1995.905821,
29.12,34.836,10,4.8,mb,4.91864,,,,1.1,18 km ENE of Nuwaybiï¿½ï¿½ï¿½ï¿,43,11,25,1995,11,41,35.26,1995.904131,
28.941,34.71,10,4.9,mb,5.03957,,,,1.3,12 km SSE of Nuwaybiï¿½ï¿½ï¿½ï¿,61,11,24,1995,16,43,45.46,1995.901936,
28.663,34.915,10,3.9,mb,3.83027,,,,0.8,"45 km ENE of Dahab, Egypt",1,11,23,1995,22,28,19.86,1995.899823,
28.726,34.768,10,4.6,mb,4.67678,,,,1.2,36 km SSE of Nuwaybiï¿½ï¿½ï¿½ï¿,21,11,23,1995,3,5,7.6,1995.897579,
29.056,34.795,10,4.4,mb,4.43492,,,,0.8,12 km E of Nuwaybiï¿½ï¿½ï¿½ï¿,13,11,22,1995,20,2,31.41,1995.896764,
28.536,35.005,10,5.1,mb,5.28143,,,,1.3,"50 km E of Dahab, Egypt",66,11,22,1995,12,47,5.18,1995.895924,
29.049,34.713,10,4.8,mb,4.91864,,,,1.1,4 km E of Nuwaybiï¿½ï¿½ï¿½ï¿,41,11,22,1995,7,55,30.48,1995.895362,
29.489,32.256,10,3.9,mb,3.83027,,,,0.5,"13 km SSW of Ain Sukhna, Egypt",2,9,8,1995,12,13,22.16,1995.690304,
28.374,34.585,10,4.3,mb,4.31399,,,,0.7,"14 km SE of Dahab, Egypt",3,5,14,1995,4,0,17.4,1995.372686,
27.617,33.933,10,3.8,mb,3.70934,,,,0.8,"35 km NE of El Gouna, Egypt",1,3,15,1995,9,20,31.12,1995.209415,
28.693,34.607,10,4,mb,3.9512,,,,1,"25 km NNE of Dahab, Egypt",3,7,5,1994,10,1,0.12,1994.515048,
28.652,34.98,10,3.6,mb,3.46748,,,,1.3,"51 km ENE of Dahab, Egypt",2,7,4,1994,1,6,9.02,1994.511239,
28.742,34.573,15.4,4.3,mb,4.31399,,,,1.2,"29 km NNE of Dahab, Egypt",4,7,3,1994,14,26,41.31,1994.510005,
31.604,30.185,10,4,mb,3.9512,,,,1,"31 km NW of Rosetta, Egypt",1,5,25,1994,10,3,45.43,1994.403942,
28.74,34.645,9.6,4.6,mb,4.67678,,,,1,"32 km NNE of Dahab, Egypt",19,4,6,1994,21,18,32.83,1994.269133,
28.875,34.61,10,4.1,mb,4.07213,,,,0.7,19 km SSW of Nuwaybiï¿½ï¿½ï¿½ï¿,1,2,17,1994,23,13,33.66,1994.133244,
29.991,34.054,10,3.7,mb,3.58841,,,,0.9,"98 km WNW of Eilat, Egypt",2,1,3,1994,8,21,1.65,1994.0093,
28.647,34.609,10,3.9,mb,3.83027,,,,1.3,Egypt,3,1,1,1994,3,10,30.28,1994.003145,
29.145,34.751,10,4.1,mb,4.07213,,,,1.4,13 km NE of Nuwaybiï¿½ï¿½ï¿½ï¿,1,12,31,1993,10,26,17.3,1994.003986,
28.698,34.673,13.8,4.9,mb,5.03957,,,,1,"29 km NE of Dahab, Egypt",50,11,8,1993,1,6,2.99,1993.855683,
28.654,34.65,13,4.9,mb,5.03957,,,,1,"24 km NE of Dahab, Egypt",49,11,3,1993,18,39,33,1993.843826,
28.898,34.698,10,4.4,mb,4.43492,,,,0.9,16 km SSE of Nuwaybiï¿½ï¿½ï¿½ï¿,9,10,21,1993,0,35,4.33,1993.808401,
28.896,34.57,9.3,4.8,mb,4.91864,,,,1.2,19 km SSW of Nuwaybiï¿½ï¿½ï¿½ï¿,15,10,18,1993,20,51,15.57,1993.802414,
28.756,34.62,10,3.7,mb,3.58841,,,,1.1,32 km S of Nuwaybiï¿½ï¿½ï¿½ï¿,2,10,10,1993,11,17,4.39,1993.779084,
28.803,34.656,10,3.7,mb,3.58841,,,,1.1,27 km S of Nuwaybiï¿½ï¿½ï¿½ï¿,2,10,3,1993,17,49,4.03,1993.760396,
28.918,34.485,10,3.9,mb,3.83027,,,,1.4,22 km SW of Nuwaybiï¿½ï¿½ï¿½ï¿,2,9,20,1993,20,18,4.66,1993.724572,
32.936,33.982,10,4.3,mb,4.31399,,,,1.3,"94 km WNW of Atlit, Palestine",2,9,13,1993,22,45,59.51,1993.705413,
29.936,34.15,10,3.6,mb,3.46748,,,,0.7,"87 km WNW of Eilat, Egypt",1,9,10,1993,19,48,55.53,1993.696738,
28.764,34.687,10,4.5,mb,4.55585,,,,1.4,31 km S of Nuwaybiï¿½ï¿½ï¿½ï¿,8,8,20,1993,23,10,0.48,1993.64157,
28.663,34.627,10,3.9,mb,3.83027,,,,1.1,"23 km NNE of Dahab, Egypt",1,8,16,1993,2,12,33.67,1993.628033,
28.743,34.676,10.2,4.2,mb,4.19306,,,,1.4,33 km S of Nuwaybiï¿½ï¿½ï¿½ï¿,8,8,15,1993,5,11,27.56,1993.625601,
29.167,34.669,10,4.3,mb,4.31399,,,,1.3,13 km N of Nuwaybiï¿½ï¿½ï¿½ï¿,12,8,13,1993,1,11,8.49,1993.619582,
28.561,34.716,9,4.7,mb,4.79771,,,,1.6,"23 km ENE of Dahab, Egypt",33,8,13,1993,0,31,43.12,1993.619506,
28.737,34.704,10,4.6,mb,4.67678,,,,1.2,34 km S of Nuwaybiï¿½ï¿½ï¿½ï¿,18,8,9,1993,6,5,3.24,1993.609038,
28.807,34.717,10,4.4,mb,4.43492,,,,1,27 km S of Nuwaybiï¿½ï¿½ï¿½ï¿,19,8,7,1993,4,55,39.98,1993.603348,
28.672,34.567,10,4.7,mb,4.79771,,,,1.3,"22 km NNE of Dahab, Egypt",35,8,3,1993,20,53,51.9,1993.594085,
28.948,34.663,10,4.6,mb,4.67678,,,,1.1,10 km S of Nuwaybiï¿½ï¿½ï¿½ï¿,15,8,3,1993,18,2,5.46,1993.593754,
28.668,34.786,10,4.6,mb,4.67678,,,,1.3,"35 km NE of Dahab, Egypt",18,8,3,1993,17,50,20.63,1993.593731,
28.886,33.706,10,3.8,mb,3.70934,,,,1.5,"43 km NNW of Saint Catherine, Egypt",1,8,3,1993,15,42,54.66,1993.593486,
28.405,34.78,10,5,mb,5.1605,,,,1.3,"29 km ESE of Dahab, Egypt",31,8,3,1993,13,33,43.95,1993.593236,
29.679,34.141,10,4.6,mb,4.67678,,,,1.3,"79 km W of Eilat, Egypt",12,8,3,1993,13,29,42.46,1993.593229,
28.6,34.777,10,5.1,mb,5.28143,,,,1.3,"30 km ENE of Dahab, Egypt",46,8,3,1993,12,54,6.36,1993.59316,
28.549,34.608,10,4.5,mb,4.55585,,,,1.4,"13 km NE of Dahab, Egypt",5,8,3,1993,12,31,20.19,1993.593116,
29.394,34.475,10,4.4,mb,4.43492,,,,1.3,42 km NNW of Nuwaybiï¿½ï¿½ï¿½ï¿,8,7,31,1993,17,53,1.43,1993.588181,
28.864,34.821,18,4.7,mb,4.79771,,,,1.2,25 km SE of Nuwaybiï¿½ï¿½ï¿½ï¿,31,7,30,1993,23,34,10.81,1993.586061,
29.572,30.772,10,4.3,mb,4.31399,,,,1.4,"21 km WNW of ??miyah, Egypt",3,6,13,1993,6,16,5.41,1993.453503,
28.384,33.307,10.8,3.8,mb,3.70934,,,,1.3,"22 km E of Ras Gharib, Egypt",1,3,29,1993,3,37,58.07,1993.247643,
30.079,31.654,10,4.5,mb,4.55585,,,,1.2,Egypt,1,3,10,1993,19,26,56.29,1993.196695,
29.685,31.06,30,4.4,mb,4.43492,,,,0.7,"14 km S of Mad?nat Sittah Ukt?bar, Egypt",3,11,10,1992,11,17,17.85,1992.862418,
29.711,31.006,26.3,4.5,mb,4.55585,,,,1.3,"12 km SSW of Mad?nat Sittah Ukt?bar, Egypt",46,11,5,1992,18,41,49.77,1992.849386,
28.835,33.166,22.9,4,mb,3.9512,,,,0.6,"53 km N of Ras Gharib, Egypt",1,10,27,1992,11,2,48.23,1992.826279,
29.755,31.535,10,4.5,mb,4.55585,,,,0.8,"24 km ESE of ?alw?n, Egypt",4,10,22,1992,17,39,0.6,1992.813154,
28.443,33.158,10,3.9,mb,3.83027,,,,1.1,"12 km NE of Ras Gharib, Egypt",2,10,20,1992,1,57,58.42,1992.805783,
29.728,31.184,10,3.7,mb,3.58841,,,,1.1,13 km NNW of Al ï¿½ï¿½ï¿½ï¿½ï¿½,1,10,14,1992,9,40,24.99,1992.790009,
29.72,31.096,10,4.1,mb,4.07213,,,,1,"11 km SSE of Mad?nat Sittah Ukt?bar, Egypt",1,10,12,1992,15,25,20.97,1992.785118,
28.286,33.8,10,3.6,mb,3.46748,,,,0.5,"18 km ENE of El-Tor, Egypt",1,9,26,1992,1,9,57.23,1992.739024,
27.423,33.97,10,3.9,mb,3.83027,,,,0.9,"24 km NE of Hurghada, Egypt",4,9,25,1992,22,20,17.02,1992.738697,
27.388,34.081,10,4,mb,3.9512,,,,1,"30 km ENE of Hurghada, Egypt",2,9,25,1992,22,2,54.62,1992.738663,
27.347,34.584,10,3.9,mb,3.83027,,,,1.2,"67 km SSE of Sharm el-Sheikh, Egypt",2,9,3,1992,17,9,20.4,1992.676986,
30.165,32.036,10,4.5,mb,4.55585,,,,1.2,"48 km SSE of At Tall al Kab?r, Egypt",22,5,22,1992,23,10,43.79,1992.397127,
27.161,35.125,10,4.6,mb,4.67678,,,,1.2,"59 km WSW of Duba, Saudi Arabia",25,9,13,1990,22,10,7.15,1990.705344,
28.424,33.333,10,4.4,mb,4.43492,,,,1.3,"26 km ENE of Ras Gharib, Egypt",3,12,18,1989,21,48,10.31,1989.96919,
33.133,31.46,33,4.3,mb,4.31399,,,,1.1,183 km NNW of ï¿½ï¿½ï¿½ï¿½ï¿½ï¿½ï¿½ï¿,4,11,12,1989,10,31,59.35,1989.867886,
26.897,34.917,10,4.4,mb,4.43492,,,,0.9,"91 km WSW of Duba, Saudi Arabia",3,4,4,1989,11,32,11.84,1989.262446,
33.18,27.907,54.2,3.9,mb,3.83027,,,,1,"212 km NNE of Mersa Matruh, Egypt",2,1,27,1989,14,28,11.14,1989.076675,
32.242,27.904,10,4.8,mb,4.91864,,,,1.3,"117 km NNE of Mersa Matruh, Egypt",49,6,9,1988,2,18,23.29,1988.441934,
27.969,33.775,10,4.6,mb,4.67678,,,,1.1,"33 km SSE of El-Tor, Egypt",8,6,5,1988,18,26,57.84,1988.432691,
26.817,34.964,10,4,mb,3.9512,,,,1,"93 km SW of Duba, Saudi Arabia",2,3,4,1988,2,58,33.67,1988.178122,
30.722,31.699,10,4.1,mb,4.07213,,,,1,"2 km E of Ab? Kab?r, Egypt",3,12,14,1987,21,50,59.37,1987.958084,
26.979,35.018,10,4.9,mb,5.03957,,,,1,"78 km WSW of Duba, Saudi Arabia",8,9,6,1987,9,5,53.91,1987.684386,
32.439,29.034,33,4.5,mb,4.55585,,,,1.1,"160 km NNW of Alexandria, Egypt",36,4,9,1987,3,0,7.64,1987.275347,
30.48,32.221,24.1,5,mb,5.1605,,,,0.9,"14 km SSW of Ismailia, Egypt",3,1,2,1987,10,14,46.4,1987.006741,
32.461,30.507,21.4,4,mb,3.9512,,,,1.2,"118 km N of Rosetta, Egypt",3,7,12,1986,10,29,32.85,1986.534548,
27.215,34.291,10,4.3,mb,4.31399,,,,1.5,"46 km ENE of Makadi Bay, Egypt",7,4,8,1986,8,43,34.61,1986.273232,
29.075,34.855,10,4.9,mb,5.03957,,,,1.2,18 km E of Nuwaybiï¿½ï¿½ï¿½ï¿,14,12,31,1985,19,42,40.64,1986.005059,
27.962,33.817,10,4.6,mb,4.67678,,,,1.2,"36 km SSE of El-Tor, Egypt",9,2,28,1985,16,55,47.22,1985.163071,
27.654,34.006,10,4.5,mb,4.55585,,,,1,"43 km SW of Sharm el-Sheikh, Egypt",4,12,8,1984,7,41,53.48,1984.93978,
30.183,32.1,10,4.7,mb,4.79771,,,,1.1,"47 km WNW of Suez, Egypt",17,3,29,1984,21,36,6.22,1984.249722,
28.509,33.171,10,5,mb,5.1605,,,,0.9,"19 km NNE of Ras Gharib, Egypt",36,6,12,1983,12,0,6.34,1983.451389,
29.272,34.766,10,4.8,mb,4.91864,,,,1,"25 km SW of Tala Bay, Jordan",26,2,3,1983,23,30,24.92,1983.094387,
29.185,34.668,10,4.5,mb,4.55585,,,,1,15 km N of Nuwaybiï¿½ï¿½ï¿½ï¿,6,2,3,1983,19,11,34.75,1983.093888,
29.188,34.863,10,4.5,mb,4.55585,,,,1.1,24 km NE of Nuwaybiï¿½ï¿½ï¿½ï¿,1,2,3,1983,17,32,24.09,1983.093697,
29.165,34.832,10,4.9,mb,5.03957,,,,1,20 km NE of Nuwaybiï¿½ï¿½ï¿½ï¿,19,2,3,1983,13,46,2.31,1983.09326,
27.764,34.002,10,4.5,mb,4.55585,,,,1.4,"36 km WSW of Sharm el-Sheikh, Egypt",3,10,30,1982,4,36,46.29,1982.833867,
26.872,34.814,10,4.8,mb,4.91864,,,,1.2,"88 km E of Safaga, Egypt",4,10,14,1982,13,40,23.16,1982.790471,
27.956,34.373,33,4.7,mb,4.79771,,,,1,"6 km NE of Sharm el-Sheikh, Egypt",9,3,23,1982,10,48,27.87,1982.231806,
30.529,31.721,33,4.9,mb,5.03957,,,,,"6 km WSW of At Tall al Kab?r, Egypt",,4,29,1974,20,4,39.7,1974.332879,
27.686,33.644,25,4.5,mb,4.55585,,,,,"32 km N of El Gouna, Egypt",,3,5,1973,23,59,46.6,1973.183333,
27.78,33.15,5,3.8,md,4.2,11,339.4,,,"64 km S of Ras Gharib, Egypt",,9,10,2008,1,58,25.2,2008.694673,
29.782,30.637,6.2,4.3,md,4.6755,50,54.3,,,"40 km W of Mad?nat Sittah Ukt?bar, Egypt",,6,21,2008,17,59,46.95,2008.477083,
27.29,34.34,10,4.1,md,4.4853,9,348.1,,,"52 km E of Hurghada, Egypt",,5,29,2008,7,16,13,2008.41473,
27.56,33.28,31,3.9,md,4.2951,8,341.5,,,"43 km WNW of El Gouna, Egypt",,5,29,2008,6,10,44.3,2008.414604,
28.84,34.87,1,4,md,4.3902,8,345.1,,,30 km SE of Nuwaybiï¿½ï¿½ï¿½ï¿,,12,11,2007,8,38,8.9,2007.948222,
29.235,34.67,10,4.5,md,4.8657,,,,0.9,20 km N of Nuwaybiï¿½ï¿½ï¿½ï¿,,2,2,1996,14,42,16.59,1996.090591,
29.039,34.871,10,3.8,md,4.2,,,,0.7,20 km E of Nuwaybiï¿½ï¿½ï¿½ï¿,,1,16,1996,6,17,32.89,1996.045173,
28.895,34.651,10,3.8,md,4.2,,,,0.5,16 km S of Nuwaybiï¿½ï¿½ï¿½ï¿,,1,9,1996,0,10,36.85,1996.02502,
28.737,34.737,10,3.8,md,4.2,,,,0.2,35 km SSE of Nuwaybiï¿½ï¿½ï¿½ï¿,,1,7,1996,18,48,29.04,1996.021621,
29.204,34.691,10,3.7,md,4.1049,,,,0,17 km N of Nuwaybiï¿½ï¿½ï¿½ï¿,,1,6,1996,20,53,29.99,1996.019085,
28.691,34.709,10,4.3,md,4.6755,,,,0.3,"31 km NE of Dahab, Egypt",,1,4,1996,16,25,32.47,1996.013012,
28.694,34.752,10,4,md,4.3902,,,,0.2,"34 km NE of Dahab, Egypt",,1,4,1996,7,31,53.21,1996.011983,
28.698,34.757,10,3.9,md,4.2951,,,,0.1,"35 km NE of Dahab, Egypt",,1,3,1996,11,4,48.27,1996.009616,
28.692,34.672,10,4,md,4.3902,,,,0.4,"28 km NE of Dahab, Egypt",,1,3,1996,10,11,19.09,1996.009513,
28.883,34.92,10,3.8,md,4.2,,,,1,30 km SE of Nuwaybiï¿½ï¿½ï¿½ï¿,,1,2,1996,3,22,36.24,1996.005946,
29.224,35.138,10,4,md,4.3902,,,,0.6,"25 km SE of Tala Bay, Jordan",,12,28,1995,14,22,20.95,1995.996108,
29.139,34.779,10,4.2,md,4.5804,,,,0.4,15 km NE of Nuwaybiï¿½ï¿½ï¿½ï¿,,12,14,1995,4,51,56.74,1995.956119,
28.998,34.767,20,4.6,md,4.9608,,,,1.4,11 km ESE of Nuwaybiï¿½ï¿½ï¿½ï¿,,12,11,1995,18,35,11.98,1995.949373,
29.188,34.81,10,4,md,4.3902,,,,0.8,21 km NE of Nuwaybiï¿½ï¿½ï¿½ï¿,,12,11,1995,12,45,27.15,1995.948699,
29.114,35.167,10,4.7,md,5.0559,,,,1.3,"37 km SSE of Tala Bay, Jordan",,12,6,1995,9,47,27.74,1995.934467,
29.13,34.752,10,4.3,md,4.6755,,,,0.7,12 km NE of Nuwaybiï¿½ï¿½ï¿½ï¿,,12,6,1995,2,57,24.3,1995.933676,
29.188,34.79,10,4.3,md,4.6755,,,,0.9,19 km NE of Nuwaybiï¿½ï¿½ï¿½ï¿,,12,4,1995,17,56,42.68,1995.929855,
29.204,35.11,10,3.7,md,4.1049,,,,0.7,"25 km SSE of Tala Bay, Jordan",,12,2,1995,6,9,48.71,1995.922936,
27.309,33.397,30,4.3,md,4.6755,,,,1.5,"29 km WSW of El Gouna, Egypt",,4,6,1995,5,24,57.18,1995.267294,
28.959,34.567,20,3.7,md,4.1049,,,,0.6,13 km SW of Nuwaybiï¿½ï¿½ï¿½ï¿,,2,18,1995,13,21,39.71,1995.13488,
28.97,34.871,10,3.6,md,4.0098,,,,0.5,21 km ESE of Nuwaybiï¿½ï¿½ï¿½ï¿,,2,10,1995,15,12,12.15,1995.112871,
27.847,33.068,10,3.6,md,4.0098,,,,0.4,"56 km S of Ras Gharib, Egypt",,1,5,1995,1,52,51.95,1995.014107,
28.714,34.739,10,3.8,md,4.2,,,,1.3,"35 km NE of Dahab, Egypt",,11,14,1994,18,23,24.37,1994.874351,
30.566,32.806,10,3.8,md,4.2,,,,0.3,"51 km E of Ismailia, Egypt",,9,28,1994,9,38,37.44,1994.745561,
28.522,34.596,10,4.4,md,4.7706,,,,0.2,"10 km ENE of Dahab, Egypt",,9,26,1994,17,27,18.58,1994.740909,
27.813,33.771,10,3.8,md,4.2,,,,0.9,"47 km N of El Gouna, Egypt",,5,2,1994,18,15,40.79,1994.341002,
28.68,35.159,10,3.9,md,4.2951,,,,1.2,63 km SE of Nuwaybiï¿½ï¿½ï¿½ï¿,,4,28,1994,8,6,53.97,1994.328717,
28.423,34.535,10,4,md,4.3902,,,,0.3,"7 km SSE of Dahab, Egypt",,1,31,1994,22,57,18.71,1994.088768,
28.372,34.884,10,4,md,4.3902,,,,1.5,"40 km ESE of Dahab, Egypt",,1,31,1994,21,28,6.48,1994.088596,
28.776,34.703,10,3.8,md,4.2,,,,0.9,30 km S of Nuwaybiï¿½ï¿½ï¿½ï¿,,11,24,1993,19,31,46.24,1993.90226,
28.274,34.485,10,3.7,md,4.1049,,,,0.6,"23 km S of Dahab, Egypt",,7,26,1993,0,7,49.77,1993.572237,
27.24,35.029,10,4,md,4.3902,,,,0.4,"66 km W of Duba, Saudi Arabia",,7,19,1993,8,53,46.93,1993.553807,
29.148,30.576,10,3.7,md,4.1049,,,,0.9,"23 km WSW of I?s?, Egypt",,5,4,1993,20,56,38.87,1993.346869,
27.83,33.738,10,4.1,md,4.4853,,,,0.4,"47 km SSE of El-Tor, Egypt",,4,2,1993,22,3,42.4,1993.258109,
27.813,30.886,10,3.7,md,4.1049,,,,0.8,"9 km NNE of Mallaw?, Egypt",,4,1,1993,9,41,14.67,1993.253899,
29.518,31.33,10,3.6,md,4.0098,,,,1.2,"7 km SE of A? ?aff, Egypt",,12,4,1992,15,2,53.02,1992.929519,
29.491,34.858,10,4,md,4.3902,,,,0.9,"11 km SW of Eilat, Egypt",,11,12,1992,4,12,50.09,1992.867154,
29.757,31.078,25.4,4.1,md,4.4853,,,,0.9,"7 km SSE of Mad?nat Sittah Ukt?bar, Egypt",,11,5,1992,19,16,46.37,1992.849454,
28.552,32.863,10,3.8,md,4.2,,,,1.3,"30 km NW of Ras Gharib, Egypt",,10,20,1992,5,25,15.49,1992.806183,
29.687,31.042,10,3.7,md,4.1049,,,,1.7,"14 km S of Mad?nat Sittah Ukt?bar, Egypt",,10,13,1992,18,9,3.05,1992.788212,
30.55,35.209,10,4,md,4.3902,,,,0.7,"34 km W of Ash Shawbak, Jordan",,10,7,1992,21,41,14.28,1992.771955,
27.734,34.032,10,3.9,md,4.2951,,,,0.8,"35 km SW of Sharm el-Sheikh, Egypt",,9,26,1992,1,42,25.45,1992.739086,
27.165,33.858,10,3.8,md,4.2,,,,0.9,"11 km SSE of Hurghada, Egypt",,9,25,1992,23,6,12.94,1992.738785,
27.92,33.979,10,4.2,md,4.5804,,,,1.5,"34 km W of Sharm el-Sheikh, Egypt",,9,25,1992,21,35,39.67,1992.73861,
27.974,34.393,10,4,md,4.3902,,,,0.5,"8 km NE of Sharm el-Sheikh, Egypt",,9,25,1992,21,33,20.26,1992.738606,
27.617,34.293,10,3.8,md,4.2,,,,0.5,"33 km S of Sharm el-Sheikh, Egypt",,9,15,1992,7,24,14.04,1992.70919,
32.227,31.316,10,3.6,md,4.0098,,,,0.5,93 km NNW of ï¿½ï¿½ï¿½ï¿½ï¿½ï¿½ï¿½ï¿,,6,8,1992,18,18,5.85,1992.441007,
28.885,33.247,10,4,md,4.3902,,,,0.2,"60 km NNE of Ras Gharib, Egypt",,11,26,1991,10,41,46.4,1991.906794,
29.536,32.591,31.3,4.2,md,4.5804,,,,0.8,"27 km ESE of Ain Sukhna, Egypt",,10,5,1991,18,48,25.99,1991.766066,
27.621,33.724,10,4,md,4.3902,,,,0.4,"25 km N of El Gouna, Egypt",,3,27,1991,0,18,25.3,1991.241702,
29.324,32.566,10,3.8,md,4.2,,,,0.2,"39 km SE of Ain Sukhna, Egypt",,8,11,1990,21,4,37.78,1990.616328,
29.05,31.84,10,3.8,md,4.2,,,,1.1,"69 km ESE of Al W?si?ah, Egypt",,7,7,1990,1,38,19.57,1990.519634,
28.846,33.16,10,3.8,md,4.2,,,,0.6,"54 km N of Ras Gharib, Egypt",,3,25,1990,12,2,17.73,1990.237504,
28.005,34.575,5,4,md,4.3902,,,,0.5,"26 km ENE of Sharm el-Sheikh, Egypt",,3,15,1990,11,24,30.1,1990.209654,
27.036,32.729,10,4,md,4.3902,,,,0.8,"96 km N of Qin?, Egypt",,2,23,1990,4,58,14.72,1990.147798,
27.599,34.231,10,4.1,md,4.4853,,,,0.6,"36 km SSW of Sharm el-Sheikh, Egypt",,1,24,1990,3,57,51.52,1990.067125,
28.076,33.732,10,3.7,md,4.1049,,,,1.5,"21 km SSE of El-Tor, Egypt",,10,4,1989,21,25,13.96,1989.76359,
27.657,33.862,10,4,md,4.3902,,,,0.8,"34 km NNE of El Gouna, Egypt",,9,6,1989,21,27,27.11,1989.685817,
32.136,30.755,10,3.9,ml,4.24078,29,181.2,,0.97,"87 km NNE of Rosetta, Egypt",,1,29,2006,23,46,33.67,2006.083307,
28.73,32.93,21.3,4.4,ml,4.75538,42,105,,,"43 km NNW of Ras Gharib, Egypt",,12,31,2005,13,58,52.5,2006.004396,
29.95,34.39,9,3.8,ml,4.13786,17,193.2,,,"69 km NW of Eilat, Egypt",,10,28,2004,7,10,32.2,2004.828608,
26.96,34.26,10,4,ml,4.3437,13,349.2,,,"35 km E of Makadi Bay, Egypt",,8,5,2004,17,39,15.2,2004.599266,
26.87,33.81,10,4.1,ml,4.44662,11,337.6,,,"16 km SSW of Makadi Bay, Egypt",,4,21,2004,8,39,10.9,2004.309335,
27.101,31.861,10,4.7,ml,5.06414,18,282.1,,0.59,"45 km ENE of Al Bad?r?, Egypt",,6,4,2003,9,14,47.8,2003.428848,
29.82,30.946,10,4.4,ml,4.75538,26,,,0.9,"10 km W of Mad?nat Sittah Ukt?bar, Egypt",,12,17,2001,4,25,33.36,2001.964401,
27.692,34.484,10,4.2,ml,4.54954,16,,,0.98,"29 km SSE of Sharm el-Sheikh, Egypt",,11,7,2001,4,5,3.24,2001.85325,
29.26,35.01,9,4,ml,4.3437,10,,,,"16 km S of Tala Bay, Jordan",,2,7,2001,3,39,0.4,2001.1032,
28.612,35.009,10,4.5,ml,4.8583,15,,,0.77,"52 km ENE of Dahab, Egypt",,12,25,2000,1,58,58.67,2000.986341,
29.7,34.95,17,4.1,ml,4.44662,,,,,"15 km N of Eilat, Egypt",,12,19,1999,8,42,49.1,1999.970453,
29.3,34.8,5,4,ml,4.3437,,,,,"21 km SW of Tala Bay, Jordan",,12,8,1999,3,35,48.1,1999.939305,
28.9,34.88,14,3.7,ml,4.03494,,,,,26 km SE of Nuwaybiï¿½ï¿½ï¿½ï¿,,8,7,1999,20,19,43.1,1999.605131,
28.83,34.67,1,4,ml,4.3437,,,,,24 km S of Nuwaybiï¿½ï¿½ï¿½ï¿,,2,2,1999,18,1,28.6,1999.090975,
29.7,34.63,16,4.5,ml,4.8583,,,,,"34 km WNW of Eilat, Egypt",,11,19,1998,12,9,33,1998.887518,
29.608,34.246,10,4.1,ml,4.44662,,,,,"68 km W of Eilat, Egypt",,4,25,1998,1,29,30.04,1998.319617,
29.142,34.652,10,4.4,ml,4.75538,,,,0.76,10 km N of Nuwaybiï¿½ï¿½ï¿½ï¿,,2,21,1997,10,12,53.7,1997.142849,
29.498,34.673,10,4,ml,4.3437,,,,0.45,"27 km WSW of Eilat, Egypt",,1,26,1997,8,21,41.57,1997.07319,
27.517,33.885,10,4.5,ml,4.8583,,,,0.86,"24 km ENE of El Gouna, Egypt",,12,23,1996,8,53,12.47,1996.981584,
29.746,34.798,10,4.2,ml,4.54954,,,,0.35,"25 km NW of Eilat, Egypt",,11,18,1996,9,36,7.02,1996.884445,
29.217,34.677,10,4.1,ml,4.44662,,,,0.8,18 km N of Nuwaybiï¿½ï¿½ï¿½ï¿,,2,12,1996,13,51,6.74,1996.11827,
29.369,35.083,5,4.3,ml,4.65246,,,,0.9,"10 km ESE of Tala Bay, Jordan",,2,4,1996,16,20,21.88,1996.096336,
29.746,34.796,10,4.1,ml,4.44662,,,,0.9,"25 km NW of Eilat, Egypt",,2,4,1996,12,16,32.07,1996.095865,
29.225,34.66,10,4,ml,4.3437,,,,0.7,19 km N of Nuwaybiï¿½ï¿½ï¿½ï¿,,2,2,1996,21,14,56.36,1996.091348,
28.909,34.809,10,4.2,ml,4.54954,,,,0.7,20 km SE of Nuwaybiï¿½ï¿½ï¿½ï¿,,1,31,1996,9,53,33.68,1996.087256,
28.843,35.175,10,4,ml,4.3437,,,,1.1,54 km ESE of Nuwaybiï¿½ï¿½ï¿½ï¿,,1,24,1996,15,5,12.95,1996.068413,
29.093,34.957,10,3.8,ml,4.13786,,,,1.1,29 km E of Nuwaybiï¿½ï¿½ï¿½ï¿,,1,23,1996,3,17,16.05,1996.064269,
28.8,34.656,10,4.3,ml,4.65246,,,,0.7,27 km S of Nuwaybiï¿½ï¿½ï¿½ï¿,,1,13,1996,17,47,38.99,1996.038171,
29.194,34.69,10,3.8,ml,4.13786,,,,0.1,16 km N of Nuwaybiï¿½ï¿½ï¿½ï¿,,1,8,1996,21,43,9.73,1996.024736,
28.694,34.757,10,4.4,ml,4.75538,,,,1,"34 km NE of Dahab, Egypt",,1,4,1996,14,24,41.59,1996.012779,
28.772,34.746,10,4.5,ml,4.8583,,,,0.7,31 km SSE of Nuwaybiï¿½ï¿½ï¿½ï¿,,12,15,1995,6,0,7.54,1995.959028,
28.991,34.831,10,4.1,ml,4.44662,,,,0.6,17 km ESE of Nuwaybiï¿½ï¿½ï¿½ï¿,,12,4,1995,12,39,50.08,1995.929244,
28.836,34.944,10,4.7,ml,5.06414,,,,0.9,35 km SE of Nuwaybiï¿½ï¿½ï¿½ï¿,,12,4,1995,7,34,15.86,1995.928654,
29.348,34.83,16.9,4.1,ml,4.44662,,,,0.7,"15 km WSW of Tala Bay, Jordan",,11,29,1995,9,46,24.15,1995.91502,
29.178,34.873,10,4.4,ml,4.75538,,,,0.6,25 km NE of Nuwaybiï¿½ï¿½ï¿½ï¿,,11,28,1995,21,10,43.67,1995.913562,
29.146,34.931,10,4.5,ml,4.8583,,,,0.7,28 km ENE of Nuwaybiï¿½ï¿½ï¿½ï¿,,11,28,1995,12,0,51.55,1995.912502,
29.184,35.01,10,4.2,ml,4.54954,,,,0.5,"25 km S of Tala Bay, Jordan",,11,25,1995,23,6,20.83,1995.905452,
29.054,34.774,12.4,4.1,ml,4.44662,,,,0.7,10 km E of Nuwaybiï¿½ï¿½ï¿½ï¿,,11,25,1995,22,41,30.11,1995.905404,
29.189,34.877,10,4.2,ml,4.54954,,,,0.5,26 km NE of Nuwaybiï¿½ï¿½ï¿½ï¿,,11,24,1995,22,26,35.47,1995.902598,
29.313,35.075,10,4.5,ml,4.8583,,,,0.6,"14 km SE of Tala Bay, Jordan",,11,24,1995,4,9,51.59,1995.900482,
29.202,35.115,10,4.4,ml,4.75538,,,,0.5,"26 km SSE of Tala Bay, Jordan",,11,24,1995,3,35,45.12,1995.900416,
28.768,34.841,10,4.9,ml,5.26998,,,,1.4,35 km SSE of Nuwaybiï¿½ï¿½ï¿½ï¿,,11,22,1995,11,37,14.62,1995.895789,
29.024,34.738,10,4.4,ml,4.75538,,,,0.6,7 km ESE of Nuwaybiï¿½ï¿½ï¿½ï¿,,11,22,1995,8,58,43.22,1995.895484,
29.194,34.819,10,3.7,ml,4.03494,,,,0.4,22 km NE of Nuwaybiï¿½ï¿½ï¿½ï¿,,8,31,1995,23,5,19.51,1995.672117,
28.557,34.598,10,4.2,ml,4.54954,,,,0.3,"13 km NE of Dahab, Egypt",,6,9,1995,23,30,36.85,1995.444388,
27.943,34.643,10,4.6,ml,4.96122,,,,0.6,"30 km E of Sharm el-Sheikh, Egypt",,2,26,1995,8,36,28.12,1995.156552,
28.969,34.964,5,3.6,ml,3.93202,,,,1.1,30 km ESE of Nuwaybiï¿½ï¿½ï¿½ï¿,,2,6,1995,21,15,48.85,1995.102461,
28.637,34.828,5,4.1,ml,4.44662,,,,1.7,"36 km ENE of Dahab, Egypt",,8,19,1994,1,36,4.12,1994.636296,
28.443,34.621,5,4.3,ml,4.65246,,,,1,"13 km ESE of Dahab, Egypt",,8,19,1994,1,30,27.77,1994.636286,
30.144,34.05,10,3.7,ml,4.03494,,,,1.1,"88 km SW of Mitzpe Ramon, Palestine",,6,24,1994,20,43,59.68,1994.485733,
31.474,28.937,10,4.3,ml,4.65246,,,,0.8,71 km N of Al ï¿½ï¿½ï¿½ï¿½ï¿½ï¿,,11,27,1993,2,4,26.76,1993.908573,
29.713,31.541,10,3.8,ml,4.13786,,,,1.2,"27 km ESE of ?alw?n, Egypt",,11,4,1992,16,29,39.93,1992.846354,
30.088,31.277,10,4.1,ml,4.44662,,,,1.7,"3 km NE of Cairo, Egypt",,10,14,1992,3,50,15.61,1992.789333,
32.749,27.725,33,3.9,ml,4.24078,,,,0.9,"161 km NNE of Mersa Matruh, Egypt",,9,13,1992,5,11,13.02,1992.703378,
31.996,34.184,10,3.9,ml,4.24078,,,,0.9,"49 km WNW of Ashdod, Palestine",,9,13,1990,12,10,0.51,1990.704186,
32.34,30.886,33,3.7,ml,4.03494,,,,1.3,"113 km NNE of Rosetta, Egypt",,3,28,1990,22,27,31.72,1990.247044,
32.644,30.45,33,3.9,ml,4.24078,,,,1.2,"138 km N of Rosetta, Egypt",,3,25,1990,5,10,34.03,1990.23671,
28.469,33.818,10,3.9,ml,4.24078,,,,0.9,"16 km SW of Saint Catherine, Egypt",,11,29,1988,17,6,59.57,1988.91587,
33.152,34.336,33,3.7,ml,4.03494,,,,1,"71 km WNW of Haifa, Palestine",,9,5,1988,14,33,28.18,1988.68224,
29.521,35.187,10,4.7,ml,5.06414,,,,1.1,Jordan-Saudi Arabia border region,,10,18,1987,1,5,41.86,1987.800127,
32.764,32.207,10,3.6,ml,3.93202,,,,1.2,143 km NNE of ï¿½ï¿½ï¿½ï¿½ï¿½ï¿½ï¿½ï¿,,2,16,1987,17,37,16.79,1987.129817,
28.886,34.903,10,4.5,ms,4.99105,,,,1.3,29 km SE of Nuwaybiï¿½ï¿½ï¿½ï¿,3,12,4,1993,23,34,11.16,1993.930506,
28.607,34.638,10,5.1,ms,5.47555,,,,1.1,"19 km NE of Dahab, Egypt",1,8,3,1993,13,44,59.9,1993.593258,
28.504,34.676,10,5.3,ms,5.63705,,,,1.1,"17 km E of Dahab, Egypt",3,8,3,1993,13,12,18.3,1993.593195,
29.67,31.12,22,4.1,mw,4.1,72,83.1,,,14 km WNW of Al ï¿½ï¿½ï¿½ï¿½ï¿½,,7,31,2005,16,16,37,2005.587995,
28.883,34.75,22.5,5.3,mw,5.3,,,,1,Egypt,,2,21,1996,4,59,53.45,1996.142245,
29.333,34.749,10,5.7,mw,5.7,,,,1.1,"23 km WSW of Tala Bay, Jordan",,11,23,1995,18,7,17.29,1995.89932,
28.52,34.701,10,5.4,mw,5.4,,,,1.3,"20 km ENE of Dahab, Egypt",,11,22,1995,22,16,53.93,1995.897023,
28.826,34.799,10,7.2,mw,7.2,,,,1.3,27 km SSE of Nuwaybiï¿½ï¿½ï¿½ï¿,,11,22,1995,4,15,11.94,1995.894937,
28.777,34.668,10,5.7,mw,5.7,,,,1.1,29 km S of Nuwaybiï¿½ï¿½ï¿½ï¿,,8,3,1993,16,33,20.78,1993.593583,
28.729,34.553,10,6.1,mw,6.1,,,,1.3,"27 km NNE of Dahab, Egypt",,8,3,1993,12,43,5.36,1993.593139,
29.778,31.144,21.5,5.8,mw,5.8,,,,1.2,"10 km ESE of Mad?nat Sittah Ukt?bar, Egypt",,10,12,1992,13,9,55.51,1992.784857,
32.739,35.094,24.3,5.3,mw,5.3,,,,1.1,"1 km SSW of Rekhasim, Palestine",,8,24,1984,6,2,24.55,1984.650699,
27.643,33.815,15,5.6,mw,5.6,,,,,"30 km NNE of El Gouna, Egypt",,6,28,1972,9,49,36.85,1972.495582,
27.343,33.665,15,5.19,mw,5.19,,,,,"5 km SSW of El Gouna, Egypt",,4,14,1969,13,43,56.58,1969.290478,
27.575,33.895,10,6.6,mw,6.6,,,,,"29 km NE of El Gouna, Egypt",,3,31,1969,7,15,52.94,1969.253619,
32.418,29.748,63.7,6.23,mw,6.23,,,,,"129 km NNW of Rosetta, Egypt",,9,12,1955,6,9,28.96,1955.700713,
32.373,33.454,15,5.88,mw,5.88,,,,,"127 km WNW of Jaffa, Palestine",,1,30,1951,23,7,27.66,1951.08601,
29.0402,34.6672,22,5.5,mwb,5.5,,57,2.386,0.76,0 km SSE of Nuwaybiï¿½ï¿½ï¿½ï¿,40,6,27,2015,15,34,3.96,2015.493468,
31.401,27.667,10,5.5,mwc,5.5,,,,1,"41 km E of Mersa Matruh, Egypt",,5,28,1998,18,33,28.1,1998.413259,
27.3437,34.7204,10,5.5,mww,5.5,,30,2.326,0.93,"74 km SSE of Sharm el-Sheikh, Egypt",25,6,16,2020,14,30,26.687,2020.46279,
